{"cameraMode":{"drawMode":0,"name":"Shaded","section":"Shading Mode"},"sceneLighting":true,"audioPlay":false,"sceneViewState":{"m_AlwaysRefresh":false,"showFog":true,"showSkybox":true,"showFlares":true,"showImageEffects":true,"showParticleSystems":true,"showVisualEffectGraphs":true,"m_FxEnabled":true},"in2DMode":false,"pivot":{"x":250.16046142578126,"y":246.88063049316407,"z":-256.45391845703127},"rotation":{"x":-0.0046846638433635239,"y":0.048475272953510287,"z":0.00022640761744696647,"w":0.9988069534301758},"size":116.44010925292969,"orthographic":false}